word,meanAnger
value100,100
value110,110
rozkoszny,1.4074074
świetny,1.3703704
przyjaciel,1.4444444
uśmiech,1.074074
pochwała,1.5185186
winogrono,1.1851852
tańczyć,1.2592592
ładny,1.5555556
pomysł,1.3333334
skowronek,1.2222222
zwycięzca,1.4814814
świętować,1.5185186
radość,1.1538461
nagradzać,1.3076923
soczysty,1.1153846
posiłek,1.3461539
spełnienie,1.4230769
słoneczny,1.1153846
zaleta,1.1538461
roześmiany,1.1153846
humor,1.2307693
jeść,1.5384616
zaufany,1.3846154
jedwabny,1
talent,1.6666666
wierny,1.2962962
pieścić,1.037037
przerwa,1.3703704
niebo,1.1481482
hobby,1.2592592
zyskiwać,1.4814814
śmiech,1.037037
lekkość,1.1111112
osiągać,1.3333334
lojalny,1.1851852
lizak,1.2222222
kanaryjski,1.2222222
szampan,1.1851852
krajobraz,1.1481482
zgoda,1.2592592
pachnieć,1.1851852
dyplom,1.5555556
zapas,1.2222222
weekend,1.2222222
biust,1.2962962
fotografować,1.3703704
mama,1.7407408
toast,1.2962962
osiągnięcie,1.2962962
wynagrodzenie,1.5555556
anioł,1.2592592
dawać,1.5555556
pozytywny,1.1111112
sport,1.6666666
dziękować,1.2592592
dobrodziejstwo,1.1923077
kakao,1.1923077
masaż,1.1923077
szczęśliwy,1.2692307
medal,1.5
zdrowy,1.3396226
łagodzić,1.3076923
owocowy,1.1538461
malinowy,1.0769231
miły,1.3846154
wolność,1.3461539
czysty,1.2692307
udany,1.3461539
wygodny,1.3461539
rozkwitać,1.2692307
puchar,1.2692307
bezpieczny,1.1153846
harmonia,1.4230769
wycieczka,1.2692307
wypoczęty,1.3846154
zadowolony,1.3076923
ogród,1.2307693
inteligentny,1.3461539
spełniać,1.4615384
wytchnienie,1.3846154
lubić,1.4615384
wypoczynek,1.4615384
wsparcie,1.5
dobroduszny,1.5384616
wspierać,1.3846154
oklaski,1.4615384
żart,1.8076923
zrelaksowany,1
wiosenny,1.0384616
lato,1.2307693
ciastko,1.3846154
słońce,1.4615384
oaza,1.0769231
muzyka,1.6538461
spać,1.3461539
przyjemność,1.0384616
miód,1.1153846
poduszka,1.1153846
łąka,1.0769231
melodyjny,1.1538461
prezent,1.1923077
upojny,1.1538461
pozdrawiać,1.0769231
seks,1.3653846
maj,1.3076923
wesoły,1.1923077
rozradowany,1.1923077
sukces,1.5769231
raj,1.2307693
genialny,1.6538461
wiosna,1.3076923
sjesta,1.2692307
koniczyna,1.0769231
łóżko,1.1923077
deser,1.2692307
całować,1.1153846
ulga,1
miś,1.0769231
kwiat,1.1538461
Paryż,1.1153846
wakacje,1.1538461
optymistyczny,1.1538461
róża,1.3461539
spokojny,1.3076923
polana,1.3461539
spokój,1.3846154
cud,1.3846154
sierpień,1.5
truskawkowy,1.1923077
śliczny,1.2307693
sobota,1.3846154
kochany,1.3076923
radosny,1.5769231
ciepły,1.6153846
wygrany,1.3703704
komfort,1.1481482
kolorowy,1.3703704
zmysłowy,1.2962962
perfumy,1.2592592
super,1.2962962
zwycięstwo,1.4074074
zachwycać,1.5925926
uroczy,1.2592592
wspaniały,1.2962962
tort,1.3703704
szczęście,1.1481482
lemoniada,1.2592592
zadufany,4.3333335
kosztować,2.925926
drażnić,4.888889
pasywny,3.5925925
ograniczać,5.2222223
przerywać,4.037037
żądanie,3.6666667
lekkomyślny,4.185185
niewygodny,3.5185184
zazdrosny,4.5185184
sprzeczny,3.4074075
biadolić,4.148148
szemrać,3.4074075
bariera,3.2222223
bzdura,3.8148148
negacja,3.3076923
posiedzenie,2.6923077
malkontent,2.8461537
przekorny,2.8076923
obowiązywać,2.5384614
drzeć,4.076923
podżegać,3.8846154
wścibski,5.0384617
niegrzeczny,3.8846154
komar,4.769231
wypraszać,4.1923075
klakson,3.8076923
ordynarny,4.3461537
pouczać,4.3333335
balast,3.2222223
głodny,4.259259
krzykliwy,3.925926
głośny,3.7777777
pedantyczny,3.074074
przeoczyć,4.296296
mamrotać,2.9615386
rozrzutny,3.8461537
moralista,3.6153846
nieprawidłowy,3.6923077
paplać,3.6923077
nadepnąć,3.2307692
pośpiech,4.0384617
ustępować,3
próżny,4.3076925
uparty,3.6153846
żądać,3.8076923
gadanina,3.5384614
absurd,3.4230769
zaprzeczać,3.5769231
nieuprawniony,3.5769231
chwalipięta,4.269231
przemądrzały,4.5384617
budzik,4.423077
oporny,3.2692308
kaprys,2.8846154
nalegać,4.076923
kopniak,3.7692308
weto,2.9615386
irytować,5.230769
zagmatwany,3.6538463
tandetny,3.8846154
arogancki,4.6923075
przeszkodzić,4.4615383
występek,2.7692308
głupota,4.0384617
raban,2.6538463
trąbić,3
niszczyć,4.3846154
przekleństwo,3.5769231
musieć,3.8076923
krnąbrny,2.9230769
zbuntowany,3.5384614
sprzeciw,3.6153846
besztać,3.6538463
humorzasty,3.3076923
niesprawiedliwy,5.076923
obciążać,3.3076923
kazanie,3.7692308
obrażony,4.0384617
oskarżać,4.1153846
denerwować,5.0384617
tępy,3.7307692
dźwigać,2.4230769
niecierpliwość,3.8846154
upominać,3.8846154
strajkować,4.0384617
przeszkadzać,5
baner,3.5384614
buntownik,3.7307692
awaria,5.076923
zakazywać,5.076923
protestować,3.8888888
utarczka,3.3703704
niezgoda,3.8888888
niedorzeczny,3.6666667
niezgodny,3.5925925
czekać,3.8888888
cholerny,3.9629629
ubywać,3
sługa,2.6296296
utykać,2.4074075
apatia,2.6296296
ubogi,2.6666667
wieniec,2.2222223
ponury,2.5185184
pożegnanie,2.4814816
zabliźniony,1.6296296
opłakiwać,2.9629629
zakonny,1.6153846
niepogoda,2.6923077
przybity,2.2692308
wierzba,1.2307693
tęsknić,2.4230769
samotny,2.5769231
pokutny,2.1923077
dół,1.8076923
marny,2.4230769
łza,2.7407408
oklapnięty,2.4444444
sierota,2.7037036
smutny,2.6666667
melodramat,2.1851852
oddalony,2.5925925
urna,2.5384614
niemy,2.4615386
listopadowy,2.0769231
cichy,1.5
deszczowy,2.7307692
posępny,2.6153846
bezdźwięczny,1.7692307
cherlawy,1.7307693
współczuć,2.1923077
melancholia,2.4615386
jesienny,2
przykrość,3.5384614
wdowa,2.4230769
osierocony,3.0769231
ulotny,2.1923077
żałować,3.3846154
daleki,2.6923077
zatroskany,1.6538461
żałoba,3.6923077
zniechęcony,3.4615386
zrozpaczony,3.3846154
skrucha,2.1923077
nieczuły,3.5769231
przemijać,3.3076923
ubolewać,3.2307692
zapłakany,3.2692308
klasztor,1.5
złom,2.3076923
apatyczny,3
wyczerpany,3.1153846
więdnąć,1.8076923
nikt,1.6153846
ślepy,2.2307692
zmartwiony,2.1538463
bezimienny,2.0384614
kondolencje,2.7407408
cmentarz,2.1851852
przygnębiony,2.7407408
jąkała,2.1851852
piorun,2.074074
panika,3.074074
wątpliwość,2.7407408
zagrażać,3.7777777
studnia,1.6666666
spadać,2.8888888
przerażający,1.962963
tunel,1.6666666
zjawa,1.5555556
kosa,2.3703704
napięcie,2.8148148
wichura,2.7037036
sztorm,2.1111112
wypowiedź,1.3846154
psychika,1.6923077
amunicja,2.3461537
ryzykowny,2.1153846
kopalnia,1.1538461
odpowiadać,1.9615384
wynik,1.8076923
uciekać,2.3846154
zmiana,2.0769231
typować,1.6538461
anonim,2.1923077
broń,2.7307692
potencjalny,1.5384616
diagnozować,1.4230769
stromy,1.6153846
policjant,2.0384614
ostrze,2.4230769
warunek,3.1153846
uważać,1.9230769
tygrys,1.1923077
wyrocznia,1.8461539
straszny,2.1153846
straszyć,2.9230769
przepaść,2.4230769
radar,2.9615386
lęk,2.4615386
niepokój,2.4230769
pszczoła,1.3846154
spadzisty,1.7307693
mikrofon,1.4230769
hipnotyczny,1.4814814
olbrzymi,1.5185186
zaryzykować,1.925926
zemdleć,1.925926
narkoza,1.7777778
sprawozdanie,2.148148
rozpoczynać,1.5185186
przerażony,3.074074
potwór,2.8148148
szczypce,1.7407408
dentysta,2.5925925
burzowy,2.2222223
rewir,1.962963
funkcjonariusz,2.7037036
ostrzegać,2.0370371
niespokojny,3.1111112
sfora,1.8148148
pukać,1.8461539
rekin,2.3846154
benzyna,1.8461539
opresja,3.5
chwiejny,2.5769231
bezdenny,1.5769231
anomalia,2.6153846
nożyczki,2.0384614
omen,2.2307692
zastrzyk,2.1538463
testować,2.1153846
ryzyko,2.2307692
test,2.5769231
szklany,1.5
ścigać,3.5384614
pełnomocnik,1.9615384
ołów,2.0384614
wybór,1.8846154
gaz,2.3076923
komisja,2.6153846
przyszłość,1.7692307
speszony,2.3846154
trans,1.8076923
głęboki,1.6153846
byk,2.7692308
armia,2.7307692
igła,2.1923077
czeluść,1.9230769
duch,1.8076923
horror,2.0769231
rektor,1.8461539
trzęsawisko,2.3076923
kurator,2.9615386
adwokat,2.2307692
skalpel,2.1923077
ciarki,1.9615384
paniczny,2.8076923
nastawać,2.5769231
prognozować,1.7692307
występować,1.7307693
ostrzeżenie,3.1538463
czujny,1.8846154
defensywny,2.3846154
lawina,2.6153846
szerszeń,2.8076923
szok,2.6923077
propozycja,1.7692307
obława,2.8461537
krawędź,2.0769231
pirania,2.1923077
pantera,1.5384616
rakieta,1.5769231
przeczucie,1.8846154
termin,2.1923077
grzmot,1.7307693
śledzić,2.5384614
mumia,1.3846154
czyhać,2.1538463
kamuflować,1.5384616
dylemat,2.5
obstawiać,1.8076923
magma,1.3846154
przestrzegać,2.3076923
thriller,1.6538461
drapieżny,1.8461539
przeczuwać,1.5
płonąć,2.7307692
torpeda,1.6538461
łańcuch,2.2307692
tajny,1.8461539
żmija,2.3846154
zdziwienie,1.7307693
nieoczekiwany,1.8461539
zalękniony,1.9230769
trzęsienie,2.4230769
weryfikować,2
cień,1.1538461
przyrzekać,1.5384616
dreszcz,1.6923077
maniakalny,2.5
kłuć,2.6538463
przysięgać,1.4230769
obawa,2.4230769
symptom,1.7692307
niebezpieczeństwo,3.2307692
tajfun,3.1153846
szpon,2.3846154
zdziwiony,1.8846154
obłąkany,2.3076923
alarm,3.0384614
pustynny,1.3076923
agent,2.5769231
zbocze,1.2962962
lampart,1.8888888
bojaźliwy,2.1111112
sędzia,2.074074
sąd,2.851852
arsenał,1.5555556
krokodyl,1.8888888
mocarstwo,1.8518518
policyjny,2.3333333
piła,2.1851852
zakład,2.074074
owad,2.4444444
bezgłowy,1.962963
ocet,1.5555556
stęchły,2.1851852
cuchnący,3.1851852
gnojówka,1.7037038
wymiotować,2.9230769
pająk,1.9230769
żaba,1.3461539
zgnilizna,2.3846154
odrażający,2.3846154
zezować,1.6538461
pluć,4
gówno,3.3333333
odpady,3.1851852
padlina,2.4814816
gnić,2.6296296
larwa,2.2692308
gorzki,2.1923077
śluz,1.5
obwisły,3.1153846
żołądek,1.4615384
ślimak,1.5384616
spleśniały,2.8461537
ohydny,3.0384614
robak,2.6153846
brodawka,2.2307692
gardziel,1.9615384
obślinić,2
gołąb,1.7307693
zepsucie,2.5769231
żółć,1.9230769
ważka,1.5769231
brudny,2.6923077
śledź,1.1153846
celebryta,2.6538463
ścieki,2
wymię,1.5384616
czopek,2.5384614
szczecina,1.9230769
obrzydliwy,3.0384614
obrzydzenie,3.2692308
wstręt,3.1153846
pluskwa,3.1923077
jelito,1.5769231
obskurny,2.7777777
tampon,2.148148
papieros,3.148148
frakcja,1.8148148
podkreślać,1.7037038
belka,1.6296296
czapla,1.4444444
kolebka,1.4814814
profil,1.6296296
filtr,1.5185186
chorągiew,1.2222222
makulatura,1.5925926
segregator,1.6666666
prześcieradło,1.2962962
powieka,1.4814814
ruchliwy,1.3846154
golarka,2.0769231
pióro,1.3461539
część,1.5769231
gleba,1.8846154
miotła,1.6923077
dzbanek,1.3461539
rzecz,1.4230769
punkt,1.6923077
wata,1.6153846
schody,2
obrót,1.4230769
wariant,1.6923077
gazeta,1.9230769
drobiowy,1.1923077
metr,1.1538461
kowadło,1.4615384
masywny,1.7692307
zapotrzebowanie,1.4615384
wytwórca,1.3461539
krępy,1.5384616
kubek,1.1923077
kanon,1.7307693
murzyn,1.5769231
sufit,1.3076923
regał,1.1923077
kostka,1.3076923
przedmiot,1.2692307
magnes,1.3461539
biblijny,1.5
stan,1.4615384
ręczny,1.3461539
ścięgno,1.5925926
atlas,1.2222222
flaming,1.2962962
słowotwórczy,1.1481482
wiadro,1.3333334
kos,1.1111112
hebel,1.7407408
gromadny,1.3703704
wentylować,1.2962962
pokrywka,1.2962962
karafka,1.2222222
atramentowy,1.5185186
traszka,1.1851852
wzgląd,1.5185186
zając,1.2592592
miesiąc,1.6666666
struktura,1.3703704
przesuwać,1.5925926
mata,1.2962962
dźwignia,1.4814814
skrzynia,1.4074074
ustalenie,1.4444444
ambasada,1.3703704
łyżka,1.3703704
zdanie,1.2222222
klamka,1.4074074
owies,1.2222222
akcent,1.4814814
kurtka,1.1851852
nos,1.6666666
ramię,1.2222222
opat,1.5555556
lufcik,1.3846154
nadawca,1.4615384
odstęp,1.7692307
tematyczny,1.5
adresat,1.5769231
pastor,1.4230769
sygnalizator,1.9615384
traktor,1.5769231
stalówka,1.3846154
prezydium,1.9615384
kamizelka,1.3076923
fasola,1.6538461
nazwisko,1.4615384
borsuk,1.5
linijka,1.7307693
brzmieć,1.6538461
przedział,1.4615384
karton,1.8461539
przesiewać,1.7307693
koparka,1.4230769
proso,1.4230769
sylaba,1.4615384
dotyczyć,1.5384616
ceglany,1.2307693
kłaść,1.5
prostopadłościan,1.3846154
pomieszczenie,1.5769231
położenie,1.6538461
ujmować,1.5
archiwum,1.3846154
intonować,1.3846154
taca,1.8846154
przecinek,1.6153846
opisywać,1.6153846
obiekt,1.6538461
leksykon,1.4615384
bateria,1.7307693
lukratywny,1.5769231
optyczny,1.3076923
kierownica,1.4230769
kartka,1.2307693
proszek,1.6538461
pompa,1.2307693
ślad,1.6538461
pensum,1.7307693
miedziany,1.3846154
krzesło,1.4615384
łopian,1.2692307
dialekt,1.4615384
stempel,1.5769231
oś,1.5384616
stołek,1.1923077
stosować,1.5384616
pojemnik,1
przykładowy,1.5
zastosowanie,1.2692307
kciuk,1.3461539
jeździecki,1.2692307
opactwo,1.2692307
podłoże,1.3846154
tuzin,1.1923077
znaczek,1.3461539
zakres,1.9615384
winda,1.3076923
tkacz,1.1538461
proponować,1.2692307
stawiać,1.2692307
precyzować,1.5384616
produkcyjny,1.4230769
postępować,1.6538461
sytuacja,1.4230769
dywan,1.1538461
cienisty,1.3076923
mimoza,1.7692307
makowy,1.1153846
bumerang,1.3461539
torba,1.2692307
gęś,1.0769231
notować,2.0384614
afekt,2.0384614
gąbka,1.0384616
kogut,1.3461539
szpara,1.5
odbitka,1.2307693
ilość,1.3846154
kość,1.3846154
pędzel,1.2692307
marka,1.5384616
siadać,1.0769231
obserwować,1.3461539
udzielać,1.7307693
szal,1.1538461
wytwarzać,1.2307693
amatorski,1.8461539
rodzaj,1.5
zebra,1.1923077
worek,1.3076923
szpulka,1.1538461
grabie,1.2692307
żółtko,1.1538461
grzebień,1.6538461
ręka,1.0384616
lokalizacja,1.1538461
obszar,1.4615384
metalowy,1.7692307
elementarz,1.4615384
przybudówka,1.7307693
silnikowy,1.4230769
girlanda,1.3461539
republikański,1.5
dziedzina,1.5
fasada,1.4230769
kalarepa,1.3461539
strona,1.8846154
określać,1.8846154
lupa,1.2962962
pasek,1.8888888
porto,1.5925926
rampa,1.1481482
szczotkować,1.5185186
linia,1.1481482
minimalny,1.7407408
adiutant,1.4814814
kiosk,1.5555556
sitko,1.5925926
pęseta,1.3703704
sień,1.2962962
suszyć,1.7777778
komoda,1.5185186
twierdzić,1.8518518
dynia,1.4814814
zaopatrywać,1.5185186
szczudło,1.4814814
but,1.3703704
pięta,1.5185186
cebulowy,1.6666666
odczyt,1.4814814
gumowy,1.4444444
groch,1.7037038
lada,1.5185186
sztućce,1.2592592
widelec,1.4444444
stereo,1.3333334
bodziec,2.1851852
rachunek,3
tropiki,1.7037038
łączyć,1.6666666
biskup,2.8888888
bogaty,2.3703704
mysz,1.8518518
szczęka,1.6666666
ociekać,1.925926
nabytek,1.6666666
matowy,1.4444444
przebywać,1.7037038
gorączka,3.4444444
tolerancja,2.2222223
ludzie,2.7407408
Japonia,1.6666666
rozsądny,1.5185186
ożywiony,1.7407408
motorower,1.7407408
liczba,1.7777778
kufer,1.3333334
koniak,1.8148148
podejmować,1.7777778
świnia,2.1851852
bezwartościowy,3
buk,1.5185186
grać,2.0370371
odwaga,1.8518518
drań,4.5925927
świerk,1.5555556
mur,2.5925925
rząd,3.5185184
wino,1.8888888
bóbr,1.2962962
ogień,2.3703704
opinia,2.2592592
surowy,3.9629629
zatwierdzać,1.5925926
czarnuch,3.7777777
spojrzenie,2
nazywać,1.5555556
spadek,2.2592592
brat,2.4814816
incydent,2.7777777
sankcjonować,3.1111112
kicz,2.925926
kura,1.4074074
dawka,2.1111112
honor,1.6666666
marzyć,1.3703704
katastrofa,3.5925925
zamieszki,4.037037
kochanek,2.8148148
wyrok,3.2222223
witalny,1.3333334
mówca,1.8518518
symfonia,1.4444444
kanał,1.6666666
niełaska,3.1851852
brytyjski,1.5185186
saksofon,1.7777778
pragnąć,2
soczewka,1.4814814
zaniedbany,3.4074075
aleja,1.3703704
liberalny,2.1851852
wykazywać,1.7407408
malarz,1.5555556
ciśnienie,2.2592592
brąz,1.7777778
rodzinny,1.925926
zwłoki,1.925926
kaktus,1.8518518
makaron,1.2222222
planowy,1.5555556
ufny,1.5555556
cela,2.925926
nerwica,4.111111
plakat,2.074074
wiśniowy,1.1851852
środowisko,1.7037038
serowy,1.3703704
mistyczny,1.4444444
oset,2.1111112
dziewczyna,1.6296296
zatrudniać,2.0370371
robić,1.8888888
koza,1.4444444
hipoteczny,2.2592592
pielgrzymować,1.1851852
oszust,5.5925927
miłostka,1.925926
załatwiać,1.925926
młotek,2.2222223
cygaro,2.074074
wpadka,3.6296296
kochanka,3.7037036
droga,1.7777778
dzierżawić,1.962963
miejsce,1.5555556
rama,1.4814814
udowadniać,2.3703704
otwierać,1.3703704
awersja,3.2962964
czeremcha,1.3703704
kręgiel,1.3333334
zaginiony,3.5185184
artystyczny,1.925926
nadmorski,1.3703704
konopie,2
okaleczony,3.4444444
krzepki,1.4074074
spodnie,1.5925926
świadek,1.925926
przedwczesny,3.2592592
żagiel,1.2962962
uzupełniać,1.4444444
kosz,1.6666666
miecz,2.4444444
dowodzić,1.6666666
premiera,1.2962962
przekazywać,1.5555556
rasa,2.1851852
jasność,1.6296296
źrebię,1.2222222
wąwóz,1.4444444
kosmetyczny,1.4444444
produkować,1.5555556
gnębić,5.3703704
szkoła,2.8148148
maskować,2.6666667
wełniany,1.5555556
schodzić,1.7037038
chwalić,1.8888888
okrężny,2.6666667
bąk,1.7777778
fartuch,1.6296296
bronić,2.4444444
spójny,1.2592592
wgnieciony,3.2592592
przepych,2.2222223
obłędny,1.7407408
sandał,1.3703704
strzelać,3.6296296
litość,2.8148148
dochód,1.8888888
zatrzymywać,2.8148148
małpa,1.3703704
komizm,1.7407408
rezygnacja,3.7037036
uzasadniać,2.0370371
zbankrutować,4.851852
unikać,3.3703704
kołysać,1.4814814
czepek,1.7407408
przepadać,2.3333333
fuzja,1.7407408
stołówka,1.3703704
rezygnować,3.5555556
bura,2.5185184
wanna,1.2592592
bezsilny,4.888889
pieniądze,1.8888888
ćwiczyć,1.962963
kasa,2.1111112
twarz,1.6296296
ojczyzna,1.7777778
życzenie,1.1851852
jamnik,1.8888888
łapać,2.1111112
nałóg,4.111111
pozwalać,1.5925926
nienawidzić,5.037037
tablica,2.0370371
podniecający,1.4444444
oko,1.3333334
ocean,1.4074074
akrobatyczny,1.4074074
asceza,1.962963
orchidea,1.5185186
potwierdzić,1.4074074
armata,2.2222223
żyrafa,1.2592592
biec,1.925926
minister,3
autonomiczny,1.8518518
dyspozycyjny,1.962963
żeglować,1.4444444
murzynka,1.6666666
przewodnik,1.5925926
mistrz,1.5555556
poroże,1.8148148
chichotać,1.962963
sprawdzony,1.4444444
sałatka,1.5185186
pomocny,1.2962962
bitwa,3.5925925
nastrojowy,1.4074074
błagalny,2.6666667
wykształcony,1.7777778
klinika,1.962963
bawić,1.7037038
przekonać,1.8148148
pojętny,1.5925926
usuwać,2.851852
urlop,1.3703704
atomowy,2.4444444
odetchnąć,1.8148148
szuja,4.703704
wół,1.5555556
toster,1.2962962
mglisty,2
obniżać,2.6666667
zły,4.5925927
czuć,2.1111112
oczekiwanie,2.4074075
krewny,2.5555556
szminkować,1.5925926
odwiedzać,1.6296296
odejście,3.6666667
wzrost,1.3076923
korowód,1.7692307
napad,4
biżuteria,1.5384616
świadectwo,1.5
kompas,1.3461539
początek,1.5384616
tchórzliwy,3.7692308
wspólnota,1.5769231
rekrut,1.5769231
zamężny,1.5769231
kolor,1.2307693
przymusowy,4.6538463
bierki,1.8076923
zaproszenie,1.3461539
kula,2
udaremniać,2.4615386
cenny,1.1923077
celebrować,1.5
udawać,3.3846154
wiek,1.9230769
zabójca,3.8461537
ochota,1.2692307
makabryczny,2.6538463
oszczędny,2.0769231
wrażenie,1.6923077
interesujący,1.5
wnioskować,1.4230769
wielbiciel,1.8846154
portal,1.5769231
tolerancyjny,1.8846154
szkodliwy,3.0384614
tendencyjny,2.9615386
dygotać,2.4615386
flirt,2.0384614
kaseta,1.2307693
bieżnia,1.8461539
skrzypce,1.6923077
zachłanny,3.6923077
planeta,1.4230769
bić,4.6538463
fala,1.6153846
stosunek,1.5
podnosić,1.6153846
litania,2.3461537
sytuowany,2.0769231
horda,2.7692308
wiolonczela,1.4615384
świecić,1.5769231
pozbawiać,4
upadek,3.5384614
źródło,1.2692307
pan,1.7692307
narodowy,1.9615384
mefisto,2.1923077
dekadencki,2.2307692
apetyt,1.7692307
syty,1.7692307
ścinać,2.9615386
nadzieja,1.6923077
wchodzić,1.3846154
pytać,1.8846154
podróż,1.5
zawartość,1.5384616
sprzedawać,1.7692307
problem,3.0384614
łódź,1.1538461
spożywać,1.4615384
wrzawa,2.8846154
szatan,2.9230769
koncert,1.4230769
wypowiedzenie,3.7692308
pokrzepienie,1.4230769
pożyczać,2.3461537
ludzki,1.4615384
obejmować,1.2692307
lśnić,1.3076923
błazen,2.5
zachęta,1.5769231
haniebny,3.6538463
zmarszczka,2.8076923
ład,1.3461539
uczestniczyć,1.4615384
blondynka,1.5769231
śpiew,1.5384616
bezcelowy,3.7307692
kurort,1.3076923
wyjątkowy,1.5384616
codzienny,1.6923077
motłoch,4.1153846
wampir,1.7692307
przyjezdny,1.7307693
niezdrowy,2.9615386
stylowy,1.5769231
mniejszy,1.9615384
dziewica,1.6153846
pożywienie,1.3076923
edukować,1.4615384
wywóz,1.9615384
uprzywilejowany,2.4230769
kuszący,1.5
opium,1.8461539
podeszwa,1.6153846
troskliwy,1.6538461
nieskazitelny,1.5
pobyt,1.2307693
sabotować,3.8846154
niewdzięczny,4.576923
plantacja,1.3076923
pasieka,1.1153846
zorza,1.1153846
los,1.9615384
daremny,4
łgać,4.576923
owca,1.2307693
twierdza,1.1923077
romans,2.6538463
lód,1.6153846
masa,2.1153846
grozić,4.6538463
kot,1.6538461
noc,1.3461539
zapominać,3.9615386
stado,1.4615384
urodziny,1.5769231
chwast,2.8461537
wilkołak,2.1923077
trawa,1.2307693
skutkować,1.7692307
piwo,1.3076923
zagazować,4.1538463
ambicja,2
uprawa,1.2692307
aktywność,1.4230769
wrażliwy,1.4615384
prowadzenie,1.5384616
czarny,1.8846154
dzielić,1.8076923
torfowisko,1.6153846
umierać,3.2692308
plotkarski,4.1153846
budować,1.3076923
trend,2.6153846
euforyczny,1.3461539
córka,1.3846154
znalezisko,1.3076923
wypadać,2.9615386
powstanie,2.1923077
nawiązywać,1.2692307
światło,1.4615384
rozkładać,1.6538461
zdenerwowany,3.9230769
spasować,2.8076923
bukiet,1.4615384
szmata,4.3846154
czarować,1.6538461
usługiwać,3.3461537
ideowy,2.1538463
pracować,2
pić,1.9230769
minigolf,1.6153846
skreślać,3.2692308
klon,1.5769231
niewymuszony,1.4230769
skąpy,3.6153846
uderzenie,4.3076925
skarb,1.2692307
świętokradztwo,3.4230769
wieczorny,1.5384616
udowodnić,2.5769231
rausz,2.2307692
zwyczaj,1.7692307
chomik,1.2692307
odmowa,4.423077
zmurszały,1.7307693
hala,1.1923077
muszla,1.2692307
regularny,1.5
patelnia,1.8846154
rozumieć,1.6153846
zazdrość,5.0384617
taryfa,1.9615384
rabat,1.4615384
granat,3.0384614
gwiazda,1.5384616
uniżony,2.6923077
wysoki,1.7307693
czarodziej,1.1481482
tempo,1.925926
nieufność,3.4814816
niezamężny,1.7407408
statek,1.3333334
towarzysz,1.5185186
monstrum,2.3333333
wznosić,1.3703704
rozum,1.7407408
ustalać,1.7777778
przeciwnik,4.0740743
lustrować,3.074074
subtelny,1.1481482
globus,1.1481482
przestępstwo,4.851852
pomijać,3.2962964
maska,2.4444444
brak,4.111111
szczyt,1.5185186
niemowlę,1.5925926
wynosić,2.5185184
bieda,4.6296296
harfa,1.1481482
deficyt,3.2592592
sweter,1.2962962
hodowla,1.6296296
opieka,1.6666666
nieskończony,2.148148
ściana,2.1111112
przykładać,1.3703704
makler,2.1111112
rozwód,4.7777777
wskazówka,1.6666666
warga,1.4814814
kapitan,1.5925926
pułapka,4
odległość,2.6666667
zamawiać,1.3333334
witamina,1.1851852
maszkara,2.4074075
narażać,3.925926
kpić,5.148148
wiertło,2.6666667
gramofon,1.2592592
delikatny,1.1111112
wstyd,3.8148148
jąkanie,2.8888888
opalony,1.2592592
oddział,2.074074
jazda,1.3333334
potworny,3.1851852
działacz,2.1111112
powieść,1.5925926
obowiązkowy,2.7407408
lekarz,2.925926
chłopak,1.8148148
bestialski,5.4444447
potwierdzać,1.3333334
kalkulować,2.1851852
wypadek,3.851852
szaleć,1.8148148
zabezpieczać,1.2962962
przewrót,2.5555556
doznawać,1.6666666
pochopny,2.9629629
Islam,3.074074
skacowany,3.4074075
rozpad,3.6296296
debata,2.9629629
psychoza,2.7037036
oferta,1.3333334
mówić,1.8888888
Rosjanin,2
pełnia,1.2222222
anegdota,1.3333334
płacić,3
prasa,2.7407408
mózg,1.4444444
obrabować,4.9259257
pupa,1.2962962
pazerny,5
lotnisko,1.2592592
szczur,2.6296296
popołudnie,1.2222222
kariera,2.2592592
czołg,2.7407408
zjeżdżalnia,1.1851852
upoważniać,1.4074074
mięso,1.4814814
front,2.7037036
stoicki,1.4814814
hasło,2
azyl,1.4444444
fatalny,4.296296
wystarczać,1.4814814
suchar,1.4814814
wykonywać,1.8518518
loteria,2.148148
socjalistyczny,3.2962964
jęczeć,2.925926
śmierć,3.8148148
podpierać,1.6666666
podstęp,4.888889
kształcić,1.5555556
mieszkać,1.5185186
śmierdzący,4.296296
wizyta,1.7037038
wyrzutek,3.2592592
zegar,2.148148
aromat,1.1111112
instynktowny,1.4444444
nekrolog,2.7777777
porażka,5.296296
hazard,3.8148148
Łazienki,1.1111112
zrzeszać,1.6666666
teleskop,1.2592592
sztywny,2.5555556
przynosić,1.5555556
trud,3.2962964
runda,1.3703704
podjadać,2.5925925
świadkowa,1.1851852
niewierność,5.4074073
fiołkowy,1.074074
wgląd,1.962963
maczuga,2.1851852
przeżycie,1.7777778
panować,2.3333333
powrót,1.6296296
reprezentować,1.4444444
stek,1.2222222
praca,2.6666667
prostytutka,2.3333333
akademia,1.2592592
pożądanie,1.7777778
efekt,1.2222222
łajdak,4.814815
rubin,1.1851852
ssać,1.4814814
separacja,3.6666667
małomówny,2.7037036
ekstaza,1.6666666
firmowy,1.4444444
czyn,1.7037038
bezbronny,3.4814816
krzyk,4.4074073
elastyczny,1.4074074
tragizm,3.5925925
brakować,4.296296
morderstwo,4.8703704
pudel,1.2222222
podły,4.888889
stół,1.3703704
trwać,1.6666666
lewitować,1.1111112
cierpienie,3.8148148
zwiększać,1.5555556
resztka,2.6666667
zadłużenie,4.3703704
dom,1.962963
dowód,1.5925926
budda,1.6296296
chronić,1.5925926
lipa,2.4814816
samoobrona,3.148148
mysi,2
zasiłek,3.7777777
dziedziczyć,1.962963
purpurowy,2.1851852
Amerykanin,1.8888888
karać,4.0740743
utonąć,2.851852
tenor,1.3333334
alkohol,2.8888888
pożyczka,3.5555556
trucizna,4.259259
wytworny,1.7037038
pielęgnować,1.5185186
skakać,1.4814814
działanie,1.5925926
rola,1.7407408
chlać,3.2962964
sojusz,1.4074074
telefon,2.5925925
mech,1.3333334
wariat,2.074074
czytać,1.3333334
egzystencjalny,1.7777778
wyjście,1.6666666
nieudacznik,3.6296296
adwentowy,1.8148148
wahadło,1.8076923
równowaga,1.6923077
martwy,2.8461537
wilczur,2.4230769
śnić,1.7692307
orzechowy,1.1538461
przewidywać,1.7307693
skarżyć,4.5
obracać,1.9615384
Tatry,1.3076923
zdyscyplinowany,2.1538463
duchowny,2.4615386
dokuczliwy,4.1923075
nagi,1.9615384
kraść,4.3846154
ofiarować,1.2307693
tulipan,1.2307693
ciotka,2.0769231
pedał,3.4230769
sportowy,1.7692307
cierpieć,4.1153846
wiązać,1.9615384
płatność,3
państwo,2.3461537
dama,1.5769231
zadanie,2.5
nieżywy,3.1923077
odkrywać,1.2692307
klasa,1.9615384
nuklearny,2.8076923
kiełbasa,1.7307693
rozdzielać,2.7692308
relacjonować,1.6153846
energiczny,2
karnawałowy,1.2692307
pokrzepiony,1.2307693
czarownica,2.0384614
mdłości,3
Madonna,1.7692307
lilia,1.0769231
ranny,3.1153846
chłopięcy,1.6153846
komiczny,2.1538463
wieszać,2.8846154
strach,3.7692308
wyzwolony,1.0769231
dziurawy,3.6923077
księżniczka,1.6538461
ustawa,2.6153846
zamysł,1.6538461
wada,4
przyzwoity,1.3846154
przychodzić,1.6923077
przemieszczenie,1.8461539
nieszczęście,4.4615383
odlatywać,1.3461539
ochrona,1.9230769
utrudniać,4.5
por,1.3461539
odizolowany,3
rozszerzać,1.8461539
biurowy,1.9230769
impreza,1.4615384
kształtujący,1.5769231
kaczka,1.3461539
dech,1.4615384
tyran,5.576923
rolniczy,1.6153846
poetycki,1.6538461
hotelowy,1.4230769
urojenie,3.0769231
Ameryka,1.6538461
idylla,1.2307693
zakłopotany,2.8461537
pigułka,2.6923077
posag,1.5384616
willa,1.5
badacz,1.7692307
niedozwolony,3.6923077
klejnot,1.3076923
osobliwy,1.6153846
plon,1.4615384
konto,1.9615384
maść,1.6923077
małżeński,1.7307693
rozmawiać,1.6923077
fajka,1.6923077
otrzymywać,1.2692307
zmusić,4.423077
liczyć,1.9230769
kawa,1.2692307
syn,1.5
mydło,1.4615384
palarnia,3.1923077
erotyczny,1.7307693
byczy,2
lotto,2.3461537
cenić,1.3076923
lista,1.6538461
małżonek,1.8846154
obrączka,1.4230769
środek,1.6923077
odwracać,2.2307692
poślubić,1.4615384
strzała,2.2692308
waśń,3.1153846
kotwica,1.3461539
brylantowy,1.2307693
konflikt,4.5384617
łaciński,1.6923077
sądownictwo,3.1538463
zawodzić,4.9615383
słabość,4.076923
należeć,1.8076923
mgła,2.1923077
policzek,3.2307692
niewolnica,4.6923075
kąpielowy,1.3461539
drobny,1.4230769
wnuk,1.3846154
szpikować,2.4615386
rozbudowywać,1.3076923
negatywny,4.1538463
kukiełka,2.3846154
literatura,1.5
ocenzurowany,3.2692308
mężczyzna,2.5384614
przemoc,5.576923
konstytucja,1.7307693
kompromitujący,4.6923075
barbarzyńca,4.1923075
waniliowy,1.1538461
zakładnik,4.0384617
weselny,1.5
sofa,1.3461539
nieprzystępny,3.4230769
obdarty,2.6923077
wartościowy,1.3076923
granica,2.6923077
tron,1.9230769
szczegółowy,2.2307692
krzyczeć,4.5
lampa,1.5769231
przebaczyć,1.7692307
blask,1.3076923
głupi,3.5769231
krucyfiks,2.1153846
tortura,4.6153846
brud,3.8846154
kopia,2.4230769
krzywdzić,5.6153846
wykwintny,1.3846154
luksusowy,1.8846154
samolot,1.3076923
zostawać,1.6923077
pokój,1.4230769
lekkomyślność,3.7692308
aplauz,1.6153846
pycha,3.7692308
wyruszać,1.4615384
oszustwo,4.9615383
jazz,1.6153846
satysfakcjonować,1.5384616
pazur,2.1538463
klej,1.8461539
wykończyć,3.1538463
bluzka,1.3846154
przypominać,2.5
kawowy,1.3846154
monogamiczny,1.5769231
poronić,4.5
zatarg,3.7307692
bezkonfliktowy,1.4615384
bankructwo,4.8846154
odsetki,2.8461537
centralny,1.8846154
rozbój,4.269231
mit,2.0384614
administracja,3.3846154
pistolet,3.2307692
zwiększenie,1.5
wspomnienie,2.0384614
spisek,3.8076923
dążyć,1.5769231
zakon,2.0384614
milion,1.2692307
ostrożny,1.6923077
szczepić,2.0384614
altruistyczny,1.6538461
pogrzebać,3.5384614
wydatek,3.6923077
pacjent,2.8076923
godzina,2.1538463
piekło,3.3076923
kucyk,1.5
wzór,1.6153846
uważny,1.4230769
palić,3.5769231
owdowieć,3.7307692
konać,3.1538463
knajpa,1.4615384
zazdrościć,4.6538463
działalność,1.8461539
szukać,2.9615386
polityka,4.1538463
popielaty,1.4615384
para,1.4230769
rycerski,1.7307693
stadium,2.1923077
upalny,2.3461537
areszt,3.7692308
skórka,1.7692307
piłka,1.6153846
kreatywny,1.6923077
naiwny,3.4230769
safari,1.3076923
nagrywać,2.6538463
półżywy,2.3461537
ocena,3
domostwo,1.3846154
zaraza,3.0769231
weranda,1.2692307
kryminał,2.2692308
sąsiedzki,1.7307693
nagana,3.4230769
heteroseksualny,1.5384616
laboratoryjny,1.1923077
dokument,1.8076923
świąteczny,1.6153846
wątły,2.1538463
potop,2.8076923
agresywny,4.5
walizka,1.6153846
dziarski,1.7307693
latać,1.2692307
katusze,3.6923077
pobożny,2.6538463
cnota,1.7307693
przełomowy,1.1153846
chciwość,4.3461537
sowa,1.2692307
mleczny,1.8076923
ząb,1.9230769
walc,1.5384616
leżanka,1.3846154
wspominać,2.0384614
rozkład,1.8076923
stronić,2.4615386
naród,2.0769231
zbiorowy,1.7692307
bikini,1.2692307
gest,1.6153846
gromadzić,1.8461539
powietrze,1.1923077
propagandowy,3.3461537
ogórek,1.3846154
kredyt,3.7307692
orzeł,1.2692307
reputacja,1.8846154
monotonny,3.5384614
welon,1.6923077
gadzi,1.8461539
flet,1.7307693
zakonnica,1.7307693
gratisowy,1.8076923
powstawać,1.6538461
szubienica,3.6923077
umyślny,3.0384614
pięść,4.3076925
niewolniczy,4.730769
rzeczywistość,2.2307692
bandyta,4.9615383
siostrzenica,1.7692307
zagadywać,2.4230769
srebrzysty,1.4615384
park,1.0769231
organy,1.7307693
horoskop,2.6923077
sztanga,2.0384614
nieruchomy,2.3076923
kończyć,2.1923077
pędzić,2.5384614
lustro,2.1538463
dyskutować,2.4230769
wilgotny,2.5384614
izdebka,1.8461539
spaliny,2.9615386
zgłoszenie,1.7307693
pokusa,2.2307692
orgia,1.7307693
płynny,1.4615384
tracić,4.230769
uznawać,1.5
zabić,5
jacht,1.4230769
nieład,4
uzdrowienie,1.3461539
jałmużna,2.8846154
czynność,1.6923077
ludobójstwo,5.283019
magiczny,1.2307693
skandal,3.4230769
oddziaływanie,1.7307693
lis,1.9615384
bezradny,4.3076925
objawienie,1.7692307
wdzięk,1.4615384
Koran,2
szafa,1.3461539
mamusia,2.1923077
dojrzały,1.6538461
anormalny,2.1538463
partner,2.1538463
świątynia,1.5769231
szafirowy,1.1153846
warkocz,1.4230769
użądlić,4.3076925
zgon,3.8461537
port,1.1923077
walka,3.8846154
panda,1.2307693
szejk,2.0384614
święto,1.6153846
krata,3
samotność,2.9615386
głaz,1.5384616
nurkować,1.1538461
charakter,2.0769231
misja,1.7692307
załamanie,2.9615386
sławny,1.8461539
skorpion,2.4615386
zabójstwo,4.769231
rzeczowy,1.5769231
świat,2.5384614
satyryczny,1.8076923
kneblować,4.3846154
podatek,4.1153846
doradzać,1.7307693
bocian,1.0769231
diabeł,3
tytoniowy,2.9615386
gród,1.2692307
straż,2
kierować,1.6923077
bakteria,2.5769231
kierownik,2.8076923
produkt,1.8461539
rynek,1.6923077
dręczyć,5.0384617
dźwięk,2.3461537
dzieło,1.3461539
zmarły,3.5384614
ganić,3.5769231
zdradzić,5.423077
cham,5.230769
działka,2.0384614
szef,3.5384614
zwlekać,3.9615386
biesiada,1.8846154
wrzosowy,1.3461539
szansa,1.5769231
tyfus,2.8076923
zakończyć,2.7692308
paprykowy,1.4615384
złoto,1.6538461
kolega,1.6153846
członek,1.4230769
wstrząsnąć,3
mimika,2.0769231
importować,1.7692307
zbrodnia,4.3076925
nerka,1.5384616
siedzieć,2.1538463
motocykl,1.8076923
krok,1.4230769
oklaskiwać,1.3846154
skąpić,3.6153846
wieczór,1.5
mewa,1.8461539
ukłucie,3.1923077
zwyrodnialec,4.9615383
pałać,1.6153846
bliskość,1.5
strój,1.6538461
prośba,2.1923077
napotykać,1.6538461
bezcześcić,4.923077
partia,3.6538463
przyznawać,1.7307693
kandydat,1.8461539
sęp,4.1153846
cwany,3.8461537
skrupulatny,1.8846154
zakładać,1.6538461
przyzwalać,2.1153846
pasterz,1.1538461
ksiądz,2.8846154
podawać,1.6538461
wizerunek,1.6923077
ważyć,2.5384614
sława,1.6153846
grób,3.1153846
żytni,1.6153846
nieżyciowy,3.7692308
kościół,2.9230769
polecać,1.6153846
kontrolować,3.5769231
notariusz,2.5769231
męczarnia,4.230769
wyznawać,1.5769231
łazienka,1.1538461
triumfalny,1.7692307
okulary,2.0384614
łagodny,1.3846154
chleb,1.3846154
nobilitować,1.5769231
ptak,1.6153846
piosenka,1.5384616
samobójstwo,3.6538463
konkurencyjny,3.5
wojowniczy,3.3461537
ruszać,1.7692307
bagno,2.5384614
przygotowywać,2.1153846
tradycyjny,2.3846154
dbać,1.3076923
dodatek,1.3461539
dokładność,1.3076923
latorośl,1.5
znać,1.2692307
zakłamany,4.730769
szkielet,2.1153846
zdjęcie,1.6538461
odczuwać,1.6153846
cios,3.8461537
magazynować,2.0384614
huragan,3.2692308
złość,4.8461537
palec,1.3461539
łuk,1.5769231
turban,2.1538463
zajazd,1.1923077
wyzwoliciel,1.6538461
jama,1.7307693
zamieszanie,3.5
opady,2.8461537
zarabiać,1.7307693
złowrogi,3.8076923
pijany,3.2307692
nosze,2.6153846
schorowany,3.3461537
móc,1.4615384
mięsień,1.4615384
samowystarczalny,1.1153846
kruk,1.7307693
mafia,3.5769231
żebrać,3.4615386
sens,1.8846154
jaszczurka,1.3076923
spódnica,1.2307693
malować,1.5
bombowiec,3.3846154
zdolność,1.2692307
zarząd,2.6923077
proroczy,1.8846154
masakra,4.230769
pizzeria,1.5
diamentowy,1.1538461
uchodźca,2.4230769
podziękowanie,1.1923077
butelka,1.7692307
porządek,1.6923077
negować,2.8076923
organ,1.6153846
igloo,1
węgorz,1.4230769
nielegalny,3.5769231
paw,1.2692307
zasłużony,1.0769231
kryzys,4.269231
parlament,4.076923
znalazca,1.5769231
nienaganny,1.7307693
aprobujący,1.3846154
praktyka,1.6923077
hormonalny,2.0769231
tratwa,1.3846154
towarzyszyć,1.3461539
wschodni,1.7307693
kontynuować,1.7307693
zadłużony,4.4615383
przypadek,2.3846154
heretyk,2.8461537
zawdzięczać,1.8846154
trup,2.8846154
wywoływać,2.0769231
rozszczepiać,2.0384614
słoń,1.2307693
imię,1.6538461
zarażać,4.1153846
przedstawiać,1.6153846
telefonować,2.1153846
sterowny,1.9230769
intryga,4
wiedzieć,1.5769231
wykładowca,2.4615386
liryka,1.4230769
wszechświat,1.2692307
ponadczasowy,1.3076923
pomnik,1.6153846
otaczać,1.6153846
tabu,2.4230769
referat,2.5
miłość,2.0769231
uzyskać,1.5
plagiat,4.8846154
spotykać,1.3461539
zniesławiony,4.1538463
pisklę,1.2692307
tydzień,2.0769231
kładka,1.3846154
wydźwięk,1.8076923
szczenię,1.4230769
taktowny,1.5
snob,3.9615386
pojmować,1.5384616
zadośćuczynić,1.6153846
zakup,1.8461539
studiować,2.1538463
pilnik,1.7692307
kara,4.3846154
formować,1.8846154
męka,3.5384614
kamienica,1.4615384
paznokieć,1.7307693
kaloryczny,2.5769231
mapa,1.5
pech,4.5
awans,1.3846154
profesor,1.9230769
wydawać,2.6923077
kompan,1.4615384
foka,1.2307693
podstawa,1.8461539
kartoteka,2.4615386
niezmordowany,1.3846154
zwierzę,1.4230769
orzeczenie,2.6538463
wzmacniać,1.8461539
łoś,1.4615384
lew,1.5769231
powitalny,1.5
harować,4.269231
czytanka,1.5769231
poligamiczny,2.3076923
gra,2.2307692
chaotyczny,3.8461537
bomba,3.9615386
ruch,2
uroczystość,1.6923077
ampułka,1.8846154
maksymalny,1.8846154
dzwonek,2.3076923
geniusz,1.9230769
kolejka,3.7307692
dręczyciel,5.230769
wytrwały,1.7692307
teczka,2.1538463
własność,1.5769231
interesant,2.8076923
błąd,4.6923075
ochraniać,2
giełda,2.6153846
mistyka,1.9230769
ostrożność,2.0769231
karalny,3.5769231
procent,2.4615386
szaleństwo,2.4615386
komunistyczny,4.3846154
muzyk,1.6923077
dzień,1.6923077
kończyna,1.4615384
wykształcenie,2.0769231
specjalny,1.9615384
nauczka,3.9615386
powodować,2.9615386
naiwność,4
uczucie,2.5
przypadkowy,2.1153846
tost,1.3846154
minuta,2.2307692
komitet,2.3461537
więzy,2.3846154
naciskać,3.8461537
dominacja,3.1153846
czyścić,2.4615386
niedziela,1.9230769
leżeć,1.6538461
opuszczać,3.1923077
płakać,3.3846154
znajdować,1.2692307
trunek,1.9230769
projektować,1.3076923
znajomy,1.5384616
mól,3.5769231
wiosło,1.3846154
doceniać,1.3461539
bank,2.7307692
film,1.5
boleć,4.076923
oferować,2.1538463
koło,1.6538461
schronienie,1.2307693
błyskotliwy,1.3461539
słaby,3.0769231
wiwat,1.4615384
płyta,1.2307693
ojciec,2.1923077
śmiały,1.8846154
łapa,1.5769231
szlachecki,1.7307693
impet,2.6153846
łotr,3.5769231
bęben,1.6923077
zastępować,1.9230769
bunt,4.423077
impuls,1.8846154
kropla,1.3846154
badać,1.4230769
skaza,3.5
fortuna,1.6538461
klatka,3.2692308
obóz,2.6538463
milczeć,2.3846154
zapał,1.6538461
życzyć,1.5384616
kozica,1.1153846
pisanka,1.1153846
ołtarz,1.6538461
ciężarówka,2
traumatyczny,3.5384614
kaźń,3.3076923
wynikać,1.4230769
krokus,1.0769231
rozkazywać,4.1923075
znany,1.3846154
piracki,2.7307692
kasztan,1.2692307
groźba,4.3076925
Chrystus,1.3461539
reumatyzm,3.1153846
specjalistyczny,1.3846154
krytykować,4.1538463
lina,1.5769231
sierp,2.7692308
chrzcić,1.7307693
awantura,5.230769
panieński,1.4230769
bunkier,2.4230769
akwarium,1.1538461
przypuszczać,1.9230769
zakręt,2.3461537
przeżywać,2.5769231
embargo,2.8461537
widok,1.5
najemca,2.3461537
perłowy,1.2307693
minimum,2.3076923
wielbłąd,1.1153846
celnik,2.7692308
loch,3.0769231
ascetyczny,1.8846154
chudy,1.9230769
srebrny,1.4230769
etyczny,1.5
wonny,1.2692307
zszarzały,2.6153846
odpowiedź,1.6538461
papież,1.5769231
trwały,1.2692307
wiatr,2.6538463
kult,2.3461537
opadać,2.4230769
drzewo,1.1153846
brać,2.3076923
nieuczciwy,5
termy,1.2692307
dziwkarz,4.6538463
pionek,2.8846154
pszczelarski,1.6538461
nóż,3.5384614
tytuł,1.5
większość,2.5
okrutny,5.3461537
siła,2.2307692
krwawy,3.6153846
dzwon,1.4230769
wzdychać,2.2692308
ofiara,3.9615386
podarować,1.1153846
reformować,2.3076923
nowoczesny,2.1538463
wierzyć,1.6153846
slogan,2.3076923
narodziny,1.1923077
skorumpowany,4.923077
odraczać,3.1153846
gitara,1.7692307
bliski,1.1923077
obcas,2
łamać,3.0769231
regulować,1.7307693
spoliczkować,4.6153846
klacz,1.1153846
kamera,1.8461539
urząd,4.076923
pieczętować,1.4615384
bękart,3.6538463
dopłata,3.8846154
ślub,1.5384616
pielęgnacja,1.5769231
niewierny,4.923077
księżyc,1.3076923
koalicyjny,2.1538463
skromność,1.9615384
wiersz,1.8846154
przełom,1.5384616
zamek,1.2307693
radykał,2.6538463
kupować,2.6923077
cukierek,1.2307693
pretekst,2.6538463
związek,2.5384614
kora,1.3076923
śmieć,4.076923
twórczy,1.5769231
stłuczenie,3.4615386
jeż,1.4230769
opowiadać,1.5769231
nić,1.5
prezydent,2.5384614
korona,1.5384616
panorama,1.1923077
rozmowny,1.6153846
obumierać,2.9230769
oswoić,1.3461539
sznur,2.3846154
polędwica,1.3076923
okrutnik,3.8846154
plaster,1.8076923
obraz,1.6153846
rewolucyjny,2
zawodowy,1.6538461
wędka,1.2307693
staranny,1.8846154
kłamać,4.6153846
kochać,1.9230769
służąca,2.8461537
wieczny,1.8076923
chłopiec,1.6153846
upadłość,3.1538463
odważny,1.6153846
wędkarz,1.1538461
konsekwentny,1.5769231
silny,1.9615384
nastrój,2.5769231
zemsta,4.576923
prosić,3.1153846
unicestwić,4.076923
krzyż,2.5769231
kominek,1.2692307
przebiegać,2.1153846
siostrzeniec,1.6538461
whisky,1.6153846
tyć,4
napierać,3.1923077
grzybowy,1.5
plaża,1.6153846
wachlować,1.5384616
wyć,4
miękki,1.9230769
limit,3.5
wróżka,2.2307692
zima,3.2307692
idiota,4.269231
wynajmować,2.6538463
magik,1.3846154
rejs,1.2692307
panowanie,2.3846154
niedopatrzenie,4.576923
zawierać,1.5
kres,2.9230769
rosnąć,1.9230769
mina,2.4615386
rozmyślać,2.3461537
demokracja,2.8461537
błogosławiony,1.3076923
przedstawiciel,2.1153846
ryba,1.3461539
balsam,1.4230769
próbować,2.5384614
przewinienie,3.3461537
akcja,1.6923077
gość,1.7692307
dumny,1.8846154
skostniały,2.6538463
izba,1.9230769
pytanie,2.2692308
żywy,1.8461539
iskra,1.8461539
wykroczenie,3.8846154
doświadczony,2.0384614
autorytet,1.8461539
przeciwieństwo,2.5769231
kuchenka,1.5
pomagać,1.7692307
sterylny,1.8846154
bestia,3.2307692
stać,2.5
dyplomatyczny,2.3461537
Żyd,2.2307692
martwić,3.1538463
pokazywać,1.8076923
sztylet,3.6153846
motywować,1.9230769
aktywny,1.9230769
sceptyczny,2.7307692
regulator,1.7692307
zupa,1.3076923
wrzeszczeć,5
fajtłapa,3.6153846
płaszcz,1.8461539
napadać,4.269231
szokujący,2.9615386
odjazd,2.2307692
połysk,1.5384616
robotnik,2.6538463
człowiek,3.5384614
montować,2.3461537
zbawienny,1.3846154
ranić,4
cylinder,1.3846154
turystyczny,1.7307693
huśtawka,1.5769231
materac,1.4230769
demokratyczny,2.6538463
prymitywny,3.1538463
doktor,2.5
brygada,1.9615384
majętny,2.1923077
żar,1.8846154
zmieniać,2.7692308
wirus,3.4615386
dusza,1.5769231
wabić,2.2692308
brzoza,1.5
wafel,1.7692307
zrzut,2.4615386
zabłądzić,3.9615386
woda,1.6153846
potknięcie,3.8461537
zwyciężać,1.8076923
płuco,1.9615384
sadystyczny,4.4615383
uchronić,1.8076923
mucha,3.3846154
upodobanie,1.5384616
pasta,1.6153846
musical,1.7692307
skromny,2.1153846
bicz,3.1923077
zarzucać,3.6153846
kontakt,1.6153846
paradoksalny,2.5
czapka,2.2692308
ostatni,3.4230769
uczelnia,2.6923077
bezinteresowny,1.9230769
mordować,5.0384617
atrakcyjny,2.1923077
odpowiedzialny,1.7692307
motto,1.6153846
odosobniony,3.3076923
więzienie,2.9230769
szczery,1.9615384
chichot,1.9230769
wygrywać,1.9230769
znaczenie,1.5384616
stagnacja,3.5769231
rozwiązanie,1.8076923
trójkąt,1.6538461
cyniczny,4.3846154
runąć,3.5384614
ulepszać,1.4615384
nabywać,1.7307693
altanka,1.1153846
torturować,4.923077
mydliny,1.3461539
odsetek,2.0769231
opatrywać,2.2692308
zaręczony,1.5769231
arsen,1.7692307
ekran,1.5769231
chrząszcz,2.0769231
odżywać,1.4615384
knebel,3.5384614
śmietana,1.5
scena,2.1923077
melon,1.4230769
wiedza,1.5
bananowy,1.5769231
powódź,3.5384614
wypracowanie,3.4230769
topór,2.5384614
niespodziewany,2.2307692
nacinać,2.6153846
instrument,1.6923077
śnieg,2.6923077
partyzancki,2.1153846
skóra,1.4230769
bilans,1.5769231
poświęcać,1.7692307
zegarek,1.4615384
stabilny,1.3461539
album,1.2692307
młodzieżowy,1.8461539
ambitny,1.5769231
prawdziwy,1.3846154
iść,1.4230769
istnieć,2.0384614
sabotaż,3.1923077
rekordowy,1.3076923
kusić,1.9230769
balon,1.1923077
służyć,2.5769231
most,1.2307693
kłótnia,5.1153846
bohaterski,1.6153846
władza,2.9230769
koń,1.1923077
futro,1.8461539
zamierzać,1.4615384
matka,1.7692307
zginąć,3.5384614
obronny,1.5
rozwiązywać,1.3461539
oddawać,2.2307692
toksyczny,2.5769231
zgładzić,3.8461537
perfekcyjny,2.0769231
płomienny,1.6538461
monolog,2.2307692
Wenus,1.2307693
flaga,1.2307693
wojna,4.2115383
język,1.1923077
toaleta,1.5384616
monopolowy,1.3846154
wymodlić,2.2692308
gigantyczny,1.6923077
podróżować,1.2307693
spotkanie,1.0769231
goździk,1.1538461
zapewniać,1.4230769
laur,1.2692307
strata,3.5769231
zapłacony,1.2692307
pies,1.3461539
abdykować,1.5769231
uznanie,1.0769231
drogi,2.8076923
myśl,1.6923077
zamach,3.5
pasjonujący,1.2692307
życie,2.4230769
upadać,3.1538463
krytyczny,3.2692308
chory,2.8461537
akademik,1.4230769
finał,1.2307693
jodła,1.1538461
brutalny,4.0384617
zaangażowany,1.6153846
sauna,1.1538461
nowotwór,3.6923077
wołać,1.7307693
byt,1.6923077
ładunek,1.3846154
mądrość,1.4615384
opryszek,2.5769231
rozdawać,1.2692307
pisać,1.3846154
nadzorca,2.1923077
emerytalny,1.8461539
wiadomość,1.5769231
urlopowicz,1.4230769
niewinny,1.4230769
gawędzić,1.3076923
pałac,1.3846154
mentor,1.6538461
tłuszcz,2.9230769
marksista,2.3461537
przyjmować,1.2307693
pierścionek,1.0384616
nieprzyjaciel,3.8461537
pas,1.8076923
oczyszczać,1.6538461
przebiegły,2.6538463
dżuma,2.5
przestworze,1.2692307
promieniować,1.1923077
Sodoma,2.1923077
smok,1.6538461
powracać,1.2692307
waga,2.1923077
przepędzać,3.3076923
prowadzić,1.6538461
oddychać,1.3076923
pęcherz,1.7692307
sprytny,1.8076923
kłamstwo,4.230769
jeleń,1.1923077
samiec,1.7307693
precel,1.1153846
południe,1.4615384
informować,1.7692307
rywalizować,2.9615386
przyciskać,2.6538463
ogrzewanie,1.3461539
dupa,2.0769231
podwędzić,2.5
skryty,2.1153846
rozpoznać,1.4615384
myśliciel,1.5384616
szykanować,4.3461537
potrzebować,2.2692308
pomidorowy,1.1923077
książka,1.7692307
heroiczny,1.4230769
rozwaga,1.4230769
zadbać,1.3076923
opozycja,2.6923077
dusić,4.5
szmaragdowy,1.1923077
cło,2.3076923
pończocha,1.0769231
sztama,1.1923077
podstępny,3.6153846
wybrzeże,1.0384616
kwota,1.4615384
przywilej,1.9230769
humanitarny,1.3076923
czarodziejski,1.2307693
okolica,1.4230769
rozważać,1.7307693
gniew,4.923077
bajka,1.3076923
mieszkanie,1.5
piasek,1.6153846
łaknąć,1.4615384
wniosek,1.6923077
oficer,1.7307693
zrozumiały,1.3076923
marchwiowy,1.1923077
przejęcie,1.7692307
zranić,4.076923
ciało,1.5
wędrowny,1.1923077
prysznic,1.1153846
paczka,1.1923077
pręgierz,2.1923077
hojny,1.3461539
wspólnik,1.7307693
syrop,1.3846154
szkolny,2.2307692
kulturalny,1.1923077
dysponować,1.3076923
mały,1.5769231
wynalazca,1.1538461
trumna,2.3461537
wola,1.5
wymarsz,1.4615384
przykazanie,2.3846154
oświadczyny,1.3461539
katować,4.8846154
moda,2.5769231
walczyć,3.5
jezioro,1.0769231
kurwa,4.923077
działać,1.5384616
liczny,1.5
ulewa,2.6538463
słowo,1.6538461
manko,2.2692308
sensowny,1.2692307
poker,1.7307693
szeptać,1.6538461
pralina,1.2692307
kwaśny,1.7307693
wzrastać,1.5
nazista,5.0384617
pokorny,2.2692308
błogosławić,2
jabłkowy,1.4230769
milicja,3.9230769
bystry,1.4615384
kobieta,1.9230769
latarnia,1.5769231
doradztwo,2.2307692
licencja,1.7692307
gospodarstwo,1.8461539
przekręcony,2.5769231
poznanie,1.6538461
sekta,3.5384614
przedsięwziąć,1.6538461
opera,1.6538461
przestawać,2.4230769
data,1.6538461
zmora,2.7692308
religia,2.4615386
żeński,1.6923077
faszyzm,5.3461537
krew,2.0769231
osioł,2.8076923
znakomity,1.4615384
żądza,2.9615386
złudzenie,3.0384614
jechać,1.3076923
pierś,1.5
rzeź,4.576923
cel,1.7692307
emocja,2
czaty,2.0384614
karaluch,3.2692308
akceptować,1.7692307
wiara,1.9615384
reklamować,3.4230769
amulet,2.3076923
zarządzać,2.3846154
manowce,3.3461537
oszałamiający,1.6153846
pensja,2.4615386
katafalk,1.8461539
nieporadny,3.9230769
hit,1.8076923
kreda,1.8076923
cena,3.3846154
lotos,1.2692307
śpiewać,1.5384616
holocaust,5.8846154
nikotyna,4.1923075
parasol,1.4615384
pociągający,1.5
oskarżenie,3.6538463
homar,1.3846154
uczcić,1.4230769
moździerz,1.9230769
roszczeniowy,4.3076925
kukurydza,1.3076923
pyskaty,4.5384617
zapraszać,1.5
skłonny,1.8076923
zdychać,3.8461537
ziemia,1.3846154
odżywczy,1.4230769
podejrzewać,4.3846154
uwalniać,1.5384616
żołnierz,2.1923077
skrupuły,3.2307692
zmuszać,5.3461537
gadać,3.4230769
sceniczny,1.6923077
pulchny,3.1153846
forma,1.8076923
odpuścić,3.3846154
kierowca,2.4230769
rzeźnik,2.6538463
logiczny,1.7692307
pakt,2.5384614
wydatki,4.3076925
bóg,2.1538463
pamiątka,1.3846154
płynąć,1.6538461
fotel,1.3846154
gruszkowy,1.3461539
stereotypowy,3.6153846
tata,2.3461537
litr,1.4615384
puszcza,1.5384616
malaria,3.4615386
przenosić,2.1153846
leczyć,1.3846154
wyrazisty,1.5
zdzira,4.8461537
staw,1.6153846
kapitulować,3.8461537
ciasto,1.4615384
gardło,2
opiekuńczy,1.5769231
magia,1.6538461
cytat,1.5
hymn,1.3076923
wskazywać,2.0384614
getto,5.1923075
wieżowiec,2.1923077
tajemnica,2.2307692
odmawiać,3.2307692
kasyno,3.1538463
opanować,1.9230769
tragiczny,3.3076923
żartować,2.3461537
dziwny,2.0769231
telepać,2.8461537
klient,2.8076923
peerelowski,3.3846154
papuga,1.5384616
założenie,1.6923077
herezja,4.0384617
rdzewieć,2.6153846
piwnica,1.9615384
łaska,2.3461537
bezduszny,4.4615383
kabel,3.0769231
tyrać,5.0384617
wysadzać,2.6153846
pień,1.5769231
ciągnąć,2
puder,1.7307693
trąd,2.5384614
stopień,1.8076923
umowa,2.1153846
alkoholik,5.3846154
aresztować,4.1923075
ostry,2.7692308
talerz,1.8846154
idealny,1.8846154
wierność,1.4230769
piekarnik,1.3846154
winny,3.8461537
siostra,1.8846154
puszka,2.1538463
zajmować,1.9230769
cyrkowy,2.5769231
pasożyt,4.3076925
sposób,1.6538461
maślany,1.5
odznaczać,1.6153846
szorstki,3.0384614
klimatyczny,1.3461539
wtargnąć,5.1538463
intymny,1.4615384
fakt,2.4230769
niechęć,4.076923
cierpliwy,1.8846154
odpierać,2.6153846
wujek,2
mango,1.3846154
panujący,2.6923077
sikorka,1.2692307
lamentować,3.7307692
ciekawy,1.3076923
powiedzieć,1.3461539
porozumienie,1.6153846
demontować,2.1153846
niewypał,3.6923077
programowy,2.1153846
paserstwo,3.7692308
pomyłka,4.3846154
chmura,2.1538463
oczekiwać,2.1153846
wyczekiwany,1.3461539
aromatyczny,1.5384616
las,1.2692307
zabraniać,4.576923
szlagier,1.8461539
podziemny,1.8461539
tropikalny,1.4615384
kamienny,1.9230769
uzdolniony,1.6923077
chwytać,1.5
wysportowany,2.1538463
zasięg,2.4230769
tandem,1.5
interpretować,2.3846154
koszmar,3.2692308
smoczek,1.7307693
metoda,1.7307693
jakość,1.7692307
parowiec,1.6923077
wiwatować,1.6923077
aprobować,1.7692307
wypożyczać,2.2307692
klasyczny,1.6153846
pocieszać,2
rzucać,2.9230769
mutacja,2.6538463
kozaki,2
nosić,2.0769231
odrzucać,4.3076925
gniewny,4.6538463
szparagi,1.7692307
fabryka,2.4615386
fantazja,1.6923077
skrzat,1.7692307
terapeutyczny,2.1923077
kiepski,3.7692308
telewizyjny,2.4230769
kanclerz,2.1538463
talar,1.4615384
medyczny,2.0769231
morze,1.6153846
monarcha,2.7692308
poezja,2.0384614
odbierać,2.4230769
ulica,1.8846154
zderzenie,3.5384614
utalentowany,2.1538463
urok,2.0769231
pojedynek,2.9615386
historia,2
konsumpcyjny,2.9230769
plan,1.6153846
językowy,2.3846154
egoistyczny,4.923077
bar,2.3461537
moralny,1.6923077
potężny,2.6538463
zdystansowany,2.3076923
zdobywać,1.8846154
drobnoustrój,2.6153846
ciężar,3.3076923
jedność,1.7307693
pobudzenie,2.4230769
kurz,3.2692308
skruszony,1.9230769
cecha,2.0769231
dopomóc,2
atak,4.1923075
palma,1.2592592
zagorzały,2.5185184
uprawiać,1.2962962
leczenie,2.6666667
żniwo,2
przyrastać,1.7407408
dzielny,1.4444444
rywal,3.2592592
prezerwatywa,1.8888888
rewolwer,3.1851852
poziom,1.5185186
koniec,2.1111112
skarbiec,1.4074074
kaganiec,2.7407408
rozpalać,1.6666666
blizna,3
prosty,1.6296296
gol,1.7037038
pękać,2.7407408
myśleć,1.962963
ból,3.9629629
filiżanka,1.3333334
debiutować,1.5185186
pomówienie,4.037037
kometa,1.3703704
dramat,3.2592592
złośliwy,4.148148
dziura,1.925926
wozić,1.8518518
dokonywać,1.5555556
kobra,2.074074
gąsienica,1.7407408
mord,5.2222223
chcieć,1.7777778
udział,1.6666666
chudnąć,2.0370371
kulminacja,1.7407408
list,2.1111112
instytucja,2.3333333
wzniesienie,1.4814814
promil,2.5925925
wiosłować,1.8148148
świeca,1.3703704
rześki,1.3333334
nieśmiały,1.962963
wybryk,2.7407408
bażant,1.2962962
aspołeczny,2.4074075
Pers,1.6296296
obsługiwać,2.3333333
tabletka,2.1851852
cytryna,1.4074074
donosić,4.740741
obradować,2.3333333
krzywoprzysięstwo,3.8148148
praktykant,2.148148
narkotyk,3.4444444
perspektywa,1.4074074
kołyska,1.6666666
dostawać,1.4814814
oszczędności,1.5925926
pępek,1.7777778
wódka,2.2962964
napastować,4.2222223
następca,1.8888888
Adriatyk,1.2592592
kandydatura,1.962963
terrorystyczny,4.259259
karcić,3.4814816
wykład,1.962963
spowiedź,2.4814816
tworzenie,1.7407408
ratować,1.5185186
ewoluować,1.5925926
czynsz,2.851852
rządzić,2.074074
wyjaśniać,1.8518518
dąb,1.3703704
naciągać,3.9629629
plemię,1.5185186
manager,2.148148
dzwonić,2.2592592
wulkan,2.074074
kanapka,1.4074074
wybuch,3.148148
oskarżony,3.5185184
potrzebny,1.7037038
przytakiwać,2.5185184
wiza,2.074074
dyktatura,3.925926
pachnidło,1.4814814
pilot,1.7037038
doświadczać,2.074074
napełniać,1.3333334
fryzura,1.8888888
gosposia,1.925926
koncentracyjny,3.6296296
dal,1.7037038
szpiegować,3.0370371
miniówka,1.5185186
gruz,2.074074
zdrowie,1.4444444
zwalniać,3.2222223
wymagać,2.6296296
drożdżowy,1.2962962
senat,2.7777777
upomnienie,3.6296296
czar,1.3703704
szelma,2.5925925
podminowany,3.2962964
sidła,2.7037036
perwersyjny,1.8148148
sumienie,2.3333333
gotówka,1.4814814
słony,1.925926
maksimum,1.8148148
faza,1.5555556
spontaniczny,1.8518518
odwyk,2.6666667
urzędnik,3.4074075
nauczycielka,2.4444444
profesjonalny,1.4444444
śruba,1.925926
matura,2.8148148
złodziej,4.9259257
zuchwały,3.0370371
przywództwo,2.3703704
sen,1.4444444
solista,1.4444444
mowa,2.2592592
nieodzowny,1.7037038
zarazek,2.7037036
datek,2.1851852
urwis,3.1111112
gwałtowny,3.1111112
nagranie,1.6296296
pomocnik,1.8518518
minus,2.3333333
śliski,2.1851852
teatr,1.7037038
balkon,1.5925926
krawat,1.4444444
pustka,2.4814816
znaczyć,1.7777778
używać,1.6296296
taktyczny,1.6666666
generał,1.8518518
zamykać,2.2222223
zapach,1.5555556
zlecać,1.925926
ściemniać,3.6666667
optymalny,1.4074074
nauczyciel,2.2592592
rower,1.5555556
lekcja,1.8148148
ruina,2.4074075
przebąkiwać,2.2222223
lalka,1.2222222
platyna,1.4444444
stok,1.2592592
widzieć,1.4074074
grad,2.1111112
głuchy,2.6296296
intensywny,1.7777778
zainteresowany,1.5555556
kangur,1.2962962
plaga,2.5185184
oszczędzać,2
wróg,4.5555553
warzywo,1.3703704
bezksiężycowy,1.3703704
logika,1.5555556
cudzołóstwo,4.0740743
sztuka,1.5185186
grupowy,1.8518518
czytelnia,1.7407408
szpiegostwo,3.3703704
dźgać,4
fortepian,1.2962962
bolesny,3.4074075
przezwyciężać,1.7037038
adoptować,1.925926
przegrywać,4.703704
łabędzi,1.2222222
budzić,2.6296296
inicjatywa,1.8518518
poszukiwać,1.7777778
koszula,1.3333334
naturalny,1.3333334
popiół,1.8148148
przeszkoda,3.4814816
zaistnieć,1.7777778
rabować,4.111111
przemysłowy,1.925926
wieża,1.4444444
serce,1.4074074
mechaniczny,1.6296296
Wielkanocny,1.5555556
pointa,1.5555556
męczyć,3.5185184
zabiegany,2.148148
pąk,1.2592592
hańbić,4.3333335
nietrzeźwy,3.4814816
wyspa,1.3703704
węgiel,1.7777778
ognisty,2.148148
dziecko,2.1851852
okno,1.3333334
osoba,1.7777778
wysiłek,1.925926
guz,3.6666667
dostarczać,1.6666666
ufać,1.8148148
drużynowy,2
durnowaty,3.4444444
asekuracyjny,1.5925926
ambona,2.4444444
bezsensowny,3.4444444
zawód,2.3703704
figura,1.8888888
nędzny,2.7777777
wybierać,1.925926
kobiecy,1.6666666
strumień,1.3333334
